mayank123,mayank@gmail.com,mayank123
salvi,jaimin@gmail.com,12345678
jaimin,sj@gmail.com,12345678
jaimin,j@gmail.com,12345678
aagam,a@gmail.com,12345678
jaimin,jaimin@gmail.com,12345678
ved123,ved123@gmail.com,ved123123
301,vyom@gmail.com,12345678
aagam,07aagamshah04@gmail.com,12345678
jaimin,j@gmail.com,12345678
motu,motu@gmail.com,tedduteddu
Nishit,nishit@gmail.com,12345678
atharva,abcatharva@gmail.com,12345678
aagam,aagam@gmail.com,aagam1407